"V1","V2","V3","V4","V13","V14"
"1",NA,"MM","DD","hh","ATMP","WTMP"
"2",1987,"01","01","12","-04.7","03.2"
"3",1987,"01","02","12","-06.2","03.1"
"4",1987,"01","03","12","03.3","03.2"
"5",1987,"01","04","12","02.5","03.2"
"6",1987,"01","05","12","02.0","03.2"
"7",1987,"01","06","12","-02.4","03.1"
"8",1987,"01","07","12","-05.8","03.0"
"9",1987,"01","08","12","-05.7","02.9"
"10",1987,"01","09","12","-04.2","03.0"
"11",1987,"01","10","12","-06.6","02.8"
"12",1987,"01","11","12","02.0","02.8"
"13",1987,"01","12","12","02.2","02.9"
"14",1987,"01","13","12","-00.4","02.9"
"15",1987,"01","14","12","00.8","03.0"
"16",1987,"01","15","12","02.6","03.0"
"17",1987,"01","16","12","01.7","03.0"
"18",1987,"01","17","12","-00.3","02.8"
"19",1987,"01","18","12","-00.1","02.8"
"20",1987,"01","19","12","01.4","02.8"
"21",1987,"01","20","12","01.5","02.8"
"22",1987,"01","21","12","-01.2","02.7"
"23",1987,"01","22","12","-02.6","02.8"
"24",1987,"01","23","12","-01.4","02.7"
"25",1987,"01","24","12","-02.9","02.7"
"26",1987,"01","25","12","-03.4","02.6"
"27",1987,"01","27","12","01.2","02.6"
"28",1987,"01","28","12","03.2","02.7"
"29",1987,"01","30","12","-05.8","02.6"
"30",1987,"01","31","12","-04.2","02.5"
"31",1987,"02","01","12","-03.9","02.5"
"32",1987,"02","02","12","-06.4","02.4"
"33",1987,"02","03","12","-05.3","02.4"
"34",1987,"02","04","12","-04.2","02.4"
"35",1987,"02","05","12","-01.5","02.4"
"36",1987,"02","06","12","-01.2","02.4"
"37",1987,"02","07","12","00.6","02.4"
"38",1987,"02","08","12","00.5","02.4"
"39",1987,"02","10","12","02.2","02.4"
"40",1987,"02","11","12","01.7","02.4"
"41",1987,"02","12","12","01.8","02.4"
"42",1987,"02","13","12","00.8","02.4"
"43",1987,"02","14","12","00.0","02.4"
"44",1987,"02","15","12","-01.0","02.0"
"45",1987,"02","16","12","-00.5","02.2"
"46",1987,"02","17","12","-02.1","02.4"
"47",1987,"02","18","12","-04.2","02.4"
"48",1987,"02","19","12","-04.4","02.5"
"49",1987,"02","20","12","-05.4","02.4"
"50",1987,"02","21","12","-06.2","02.3"
"51",1987,"02","22","12","-04.5","02.1"
"52",1987,"02","23","12","-01.4","02.2"
"53",1987,"02","24","12","-01.3","02.2"
"54",1987,"02","25","12","01.1","02.3"
"55",1987,"02","26","12","01.2","02.3"
"56",1987,"02","27","12","02.3","02.2"
"57",1987,"02","28","12","01.8","02.3"
"58",1987,"03","01","12","02.5","02.2"
"59",1987,"03","02","12","02.5","02.2"
"60",1987,"03","03","12","02.7","02.2"
"61",1987,"03","04","12","01.9","02.2"
"62",1987,"03","05","12","01.7","02.2"
"63",1987,"03","06","12","-00.1","02.2"
"64",1987,"03","07","12","-01.1","02.1"
"65",1987,"03","08","12","-02.9","02.1"
"66",1987,"03","09","12","-00.8","02.2"
"67",1987,"03","10","12","00.7","02.9"
"68",1987,"03","11","12","02.9","02.2"
"69",1987,"03","12","12","02.7","02.2"
"70",1987,"03","13","12","02.8","02.4"
"71",1987,"03","14","12","02.7","02.7"
"72",1987,"03","15","12","00.9","02.6"
"73",1987,"03","16","12","02.2","02.8"
"74",1987,"03","17","12","02.1","02.8"
"75",1987,"03","18","12","02.1","02.6"
"76",1987,"03","19","12","01.7","02.2"
"77",1987,"03","20","12","-00.1","02.1"
"78",1987,"03","21","12","-07.7","02.4"
"79",1987,"03","22","12","-09.1","02.5"
"80",1987,"03","23","12","-05.8","02.3"
"81",1987,"03","24","12","-03.7","02.2"
"82",1987,"03","25","12","-03.5","02.3"
"83",1987,"03","26","12","-01.6","02.2"
"84",1987,"03","27","12","00.7","02.2"
"85",1987,"03","28","12","00.7","02.4"
"86",1987,"03","29","12","00.4","02.4"
"87",1987,"03","30","12","-00.7","02.5"
"88",1987,"03","31","12","-00.5","02.4"
"89",1987,"04","01","12","00.8","02.7"
"90",1987,"04","02","12","02.2","02.4"
"91",1987,"04","03","12","01.0","02.4"
"92",1987,"04","04","12","00.9","02.3"
"93",1987,"04","05","12","00.8","02.6"
"94",1987,"04","06","12","01.1","02.4"
"95",1987,"04","07","12","00.7","02.6"
"96",1987,"04","08","12","01.2","02.6"
"97",1987,"04","09","12","-00.9","02.7"
"98",1987,"04","10","12","-02.1","02.4"
"99",1987,"04","11","12","-02.0","02.1"
"100",1987,"04","12","12","-01.2","02.1"
"101",1987,"04","13","12","-00.2","02.1"
"102",1987,"04","14","12","-05.0","02.0"
"103",1987,"04","15","12","999.0","02.3"
"104",1987,"04","16","12","999.0","999.0"
"105",1987,"04","17","12","999.0","999.0"
"106",1987,"04","18","12","999.0","999.0"
"107",1987,"04","19","12","999.0","999.0"
"108",1987,"04","20","12","999.0","999.0"
"109",1987,"04","21","12","999.0","999.0"
"110",1987,"04","22","12","999.0","999.0"
"111",1987,"04","23","12","999.0","999.0"
"112",1987,"04","24","12","999.0","999.0"
"113",1987,"04","25","12","999.0","999.0"
"114",1987,"04","26","12","999.0","999.0"
"115",1987,"04","27","12","999.0","999.0"
"116",1987,"04","28","12","999.0","999.0"
"117",1987,"04","29","12","999.0","999.0"
"118",1987,"04","30","12","999.0","999.0"
"119",1987,"05","01","12","01.3","03.3"
"120",1987,"05","02","12","-00.3","03.5"
"121",1987,"05","03","12","00.7","03.5"
"122",1987,"05","04","12","00.3","03.3"
"123",1987,"05","05","12","01.6","03.6"
"124",1987,"05","06","12","03.3","03.5"
"125",1987,"05","07","12","01.3","03.6"
"126",1987,"05","08","12","02.9","03.4"
"127",1987,"05","09","12","02.4","03.4"
"128",1987,"05","10","12","02.5","03.7"
"129",1987,"05","11","12","02.5","03.2"
"130",1987,"05","12","12","02.9","03.6"
"131",1987,"05","13","12","01.8","04.0"
"132",1987,"05","14","12","02.6","03.9"
"133",1987,"05","15","12","02.8","04.0"
"134",1987,"05","16","12","03.6","04.0"
"135",1987,"05","17","12","02.6","03.9"
"136",1987,"05","18","12","01.7","03.9"
"137",1987,"05","19","12","02.5","03.6"
"138",1987,"05","20","12","02.4","03.7"
"139",1987,"05","21","12","02.6","03.9"
"140",1987,"05","22","12","02.6","03.8"
"141",1987,"05","23","12","03.1","03.8"
"142",1987,"05","24","12","02.7","03.8"
"143",1987,"05","25","12","02.5","04.1"
"144",1987,"05","26","12","03.1","04.5"
"145",1987,"05","27","12","02.5","04.7"
"146",1987,"05","28","12","03.1","05.1"
"147",1987,"05","29","12","04.1","05.2"
"148",1987,"05","30","12","03.6","05.0"
"149",1987,"05","31","12","03.9","05.1"
"150",1987,"06","01","12","04.1","04.9"
"151",1987,"06","02","12","04.6","05.0"
"152",1987,"06","03","12","05.0","04.8"
"153",1987,"06","04","12","04.4","04.9"
"154",1987,"06","05","12","04.5","05.1"
"155",1987,"06","06","12","04.0","05.2"
"156",1987,"06","07","12","04.4","05.2"
"157",1987,"06","08","12","04.0","05.0"
"158",1987,"06","09","12","04.2","05.0"
"159",1987,"06","10","12","04.1","05.2"
"160",1987,"06","11","12","04.6","05.2"
"161",1987,"06","12","12","05.4","05.4"
"162",1987,"06","13","12","03.3","05.3"
"163",1987,"06","14","12","05.1","05.4"
"164",1987,"06","15","12","04.2","06.4"
"165",1987,"06","16","12","05.1","06.3"
"166",1987,"06","17","12","05.5","06.0"
"167",1987,"06","18","12","05.9","06.3"
"168",1987,"06","19","12","05.0","05.8"
"169",1987,"06","20","12","05.5","05.8"
"170",1987,"06","21","12","05.2","06.2"
"171",1987,"08","27","12","07.5","09.8"
"172",1987,"08","28","12","07.8","09.8"
"173",1987,"08","29","12","08.9","10.2"
"174",1987,"08","30","12","09.7","09.2"
"175",1987,"08","31","12","08.7","09.0"
"176",1987,"09","01","12","09.0","09.5"
"177",1987,"09","02","12","08.6","09.7"
"178",1987,"09","03","12","09.7","09.4"
"179",1987,"09","04","12","09.0","09.4"
"180",1987,"09","05","12","08.3","999.0"
"181",1987,"09","06","12","07.8","09.6"
"182",1987,"09","07","12","06.5","09.4"
"183",1987,"09","08","12","06.8","09.5"
"184",1987,"09","09","12","06.6","09.5"
"185",1987,"09","10","12","07.3","09.5"
"186",1987,"09","11","12","09.0","09.5"
"187",1987,"09","12","12","09.4","09.5"
"188",1987,"09","13","12","08.6","09.5"
"189",1987,"09","14","12","08.0","09.6"
"190",1987,"09","15","12","07.7","09.4"
"191",1987,"09","16","12","08.2","09.0"
"192",1987,"09","17","12","08.6","09.4"
"193",1987,"09","18","12","07.0","09.0"
"194",1987,"09","19","12","07.8","09.1"
"195",1987,"09","20","12","07.0","09.1"
"196",1987,"09","21","12","08.0","09.0"
"197",1987,"09","22","12","05.8","07.9"
"198",1987,"09","23","12","05.5","07.8"
"199",1987,"09","24","12","07.4","07.5"
"200",1987,"09","25","12","06.3","07.5"
"201",1987,"09","26","12","07.1","07.8"
"202",1987,"09","28","12","06.3","07.8"
"203",1987,"09","29","12","06.6","07.5"
"204",1987,"09","30","12","05.5","07.1"
"205",1987,"10","01","12","03.6","06.7"
"206",1987,"10","02","12","03.4","06.3"
"207",1987,"10","03","12","02.3","06.6"
"208",1987,"10","04","12","04.7","06.7"
"209",1987,"10","05","12","05.6","06.6"
"210",1987,"10","06","12","06.6","06.6"
"211",1987,"10","07","12","06.4","06.3"
"212",1987,"10","08","12","04.6","06.3"
"213",1987,"10","09","12","04.4","06.3"
"214",1987,"10","10","12","04.3","06.0"
"215",1987,"10","11","12","03.9","06.0"
"216",1987,"10","12","12","05.9","05.9"
"217",1987,"10","13","12","06.4","05.9"
"218",1987,"10","14","12","04.8","05.8"
"219",1987,"10","15","12","04.1","05.9"
"220",1987,"10","16","12","04.4","06.3"
"221",1987,"10","17","12","03.6","06.0"
"222",1987,"10","18","12","01.8","06.2"
"223",1987,"10","19","12","03.1","05.9"
"224",1987,"10","20","12","03.9","06.3"
"225",1987,"10","21","12","03.9","06.3"
"226",1987,"10","22","12","02.5","06.4"
"227",1987,"10","23","12","02.3","06.3"
"228",1987,"10","24","12","01.0","05.9"
"229",1987,"10","25","12","02.8","05.9"
"230",1987,"10","26","12","04.3","05.9"
"231",1987,"10","27","12","03.6","05.8"
"232",1987,"10","28","12","05.6","05.8"
"233",1987,"10","29","12","05.2","05.6"
"234",1987,"10","30","12","03.8","05.6"
"235",1987,"10","31","12","05.4","05.6"
"236",1987,"11","01","12","04.6","05.6"
"237",1987,"11","02","12","01.5","05.6"
"238",1987,"11","03","12","00.8","05.5"
"239",1987,"11","04","12","00.9","05.3"
"240",1987,"11","05","12","-00.6","05.2"
"241",1987,"11","06","12","02.3","05.2"
"242",1987,"11","07","12","03.4","05.2"
"243",1987,"11","08","12","03.6","05.2"
"244",1987,"11","09","12","03.5","05.1"
"245",1987,"11","10","12","00.1","05.1"
"246",1987,"11","11","12","-00.3","04.8"
"247",1987,"11","12","12","01.3","04.8"
"248",1987,"11","13","12","03.6","04.8"
"249",1987,"11","14","12","04.3","04.8"
"250",1987,"11","15","12","02.0","04.7"
"251",1987,"11","16","12","02.0","04.4"
"252",1987,"11","17","12","00.1","04.7"
"253",1987,"11","18","12","04.3","04.7"
"254",1987,"11","19","12","03.9","04.7"
"255",1987,"11","20","12","02.5","04.4"
"256",1987,"11","21","12","02.1","04.4"
"257",1987,"11","22","12","01.7","04.4"
"258",1987,"11","23","12","-01.1","04.3"
"259",1987,"11","24","12","00.0","04.3"
"260",1987,"11","25","12","-02.3","04.0"
"261",1987,"11","26","12","-02.0","04.0"
"262",1987,"11","27","12","-00.8","03.9"
"263",1987,"11","28","12","-02.9","03.9"
"264",1987,"11","29","12","-03.0","03.6"
"265",1987,"11","30","12","-02.5","03.6"
"266",1987,"12","01","12","-00.2","03.5"
"267",1987,"12","02","12","-03.1","03.5"
"268",1987,"12","03","12","-03.8","03.5"
"269",1987,"12","04","12","-05.0","03.5"
"270",1987,"12","05","12","-04.4","03.2"
"271",1987,"12","06","12","-03.5","03.2"
"272",1987,"12","07","12","-03.8","03.3"
"273",1987,"12","08","12","-04.2","03.2"
"274",1987,"12","09","12","-00.3","03.2"
"275",1987,"12","10","12","-03.1","03.1"
"276",1987,"12","11","12","-00.7","03.1"
"277",1987,"12","13","12","02.3","03.1"
"278",1987,"12","14","12","02.4","03.1"
"279",1987,"12","15","12","02.3","03.1"
"280",1987,"12","16","12","00.9","03.1"
"281",1987,"12","17","12","-00.6","03.1"
"282",1987,"12","18","12","00.4","03.1"
"283",1987,"12","19","12","00.5","03.1"
"284",1987,"12","20","12","-00.3","02.9"
"285",1987,"12","21","12","02.1","02.9"
"286",1987,"12","22","12","-01.5","02.8"
"287",1987,"12","23","12","-03.8","02.8"
"288",1987,"12","24","12","-03.1","02.8"
"289",1987,"12","25","12","-02.0","02.7"
"290",1987,"12","26","12","00.9","02.7"
"291",1987,"12","27","12","01.2","02.7"
"292",1987,"12","28","12","02.9","02.7"
"293",1987,"12","29","12","01.2","02.7"
"294",1987,"12","30","12","999.0","02.7"
"295",1987,"12","31","12","00.9","02.7"
"296",NA,"MM","DD","hh","ATMP","WTMP"
"297",1988,"01","01","12","02.4","02.5"
"298",1988,"01","02","12","00.2","02.5"
"299",1988,"01","03","12","01.2","02.5"
"300",1988,"01","04","12","00.1","02.5"
"301",1988,"01","05","12","-01.0","02.5"
"302",1988,"01","06","12","00.2","02.4"
"303",1988,"01","07","12","01.3","02.4"
"304",1988,"01","08","12","02.3","02.4"
"305",1988,"01","09","12","01.6","02.4"
"306",1988,"01","10","12","01.5","02.4"
"307",1988,"01","11","12","01.7","02.4"
"308",1988,"01","12","12","01.6","02.4"
"309",1988,"01","13","12","01.6","02.4"
"310",1988,"01","14","12","-03.0","02.4"
"311",1988,"01","15","12","-02.6","02.4"
"312",1988,"01","16","12","-01.5","02.4"
"313",1988,"01","17","12","-02.3","02.3"
"314",1988,"01","18","12","-02.8","02.3"
"315",1988,"01","19","12","-01.2","02.3"
"316",1988,"01","20","12","-00.5","02.3"
"317",1988,"01","21","12","-01.9","02.1"
"318",1988,"01","22","12","-03.9","02.1"
"319",1988,"01","23","12","-05.3","02.1"
"320",1988,"01","24","12","-05.1","02.0"
"321",1988,"01","25","12","-00.7","02.1"
"322",1988,"01","26","12","00.5","02.1"
"323",1988,"01","27","12","01.7","02.1"
"324",1988,"01","28","12","00.9","02.0"
"325",1988,"01","29","12","02.0","02.0"
"326",1988,"01","30","12","00.0","02.0"
"327",1988,"01","31","12","00.8","02.0"
"328",1988,"02","01","12","03.2","02.0"
"329",1988,"02","02","12","03.1","02.1"
"330",1988,"02","03","12","02.5","02.1"
"331",1988,"02","04","12","-03.3","02.1"
"332",1988,"02","06","12","02.4","02.1"
"333",1988,"02","07","12","01.3","02.0"
"334",1988,"02","08","12","01.2","999.0"
"335",1988,"02","09","12","01.2","02.0"
"336",1988,"02","10","12","02.1","02.0"
"337",1988,"02","11","12","00.5","02.1"
"338",1988,"02","12","12","00.1","02.0"
"339",1988,"02","13","12","-01.1","02.0"
"340",1988,"02","14","12","-05.0","02.0"
"341",1988,"02","15","12","-05.4","02.0"
"342",1988,"02","16","12","-05.5","02.1"
"343",1988,"02","17","12","-05.3","02.0"
"344",1988,"02","18","12","-09.0","02.0"
"345",1988,"02","19","12","-10.1","02.0"
"346",1988,"02","20","12","-04.0","02.0"
"347",1988,"02","21","12","-02.1","02.0"
"348",1988,"02","22","12","-02.7","02.0"
"349",1988,"02","23","12","-04.3","02.0"
"350",1988,"02","24","12","-07.5","01.9"
"351",1988,"02","25","12","-06.5","01.9"
"352",1988,"02","26","12","-03.0","01.7"
"353",1988,"02","27","12","-03.4","01.7"
"354",1988,"02","28","12","-00.4","01.9"
"355",1988,"02","29","12","-00.8","01.7"
"356",1988,"03","01","12","-00.8","01.7"
"357",1988,"03","02","12","-00.3","01.7"
"358",1988,"03","03","12","-03.4","01.7"
"359",1988,"03","04","12","-05.7","01.7"
"360",1988,"03","05","12","-04.2","01.6"
"361",1988,"03","06","12","-06.6","01.7"
"362",1988,"03","07","12","-00.8","01.7"
"363",1988,"03","08","12","-02.2","01.6"
"364",1988,"03","09","12","-00.6","01.7"
"365",1988,"03","10","12","-01.8","01.6"
"366",1988,"03","11","12","-01.9","01.6"
"367",1988,"03","12","12","-00.8","01.7"
"368",1988,"03","13","12","00.9","01.7"
"369",1988,"03","15","12","00.5","01.7"
"370",1988,"03","16","12","-01.9","01.6"
"371",1988,"03","17","12","-03.4","01.6"
"372",1988,"03","18","12","-01.8","01.6"
"373",1988,"03","19","12","-05.3","01.6"
"374",1988,"03","20","12","-03.7","01.6"
"375",1988,"03","21","12","-04.3","01.6"
"376",1988,"03","22","12","-06.6","01.6"
"377",1988,"03","23","12","-04.7","01.6"
"378",1988,"03","24","12","00.0","01.6"
"379",1988,"03","25","12","-03.3","01.6"
"380",1988,"03","26","12","-06.5","01.6"
"381",1988,"03","27","12","-05.0","01.6"
"382",1988,"03","28","12","-04.3","01.6"
"383",1988,"03","29","12","-04.1","01.6"
"384",1988,"03","30","12","-03.9","01.6"
"385",1988,"03","31","12","-03.4","01.6"
"386",1988,"04","01","12","-03.9","01.6"
"387",1988,"04","02","12","-03.3","01.6"
"388",1988,"04","03","12","-03.5","01.6"
"389",1988,"04","04","12","-02.2","01.6"
"390",1988,"04","05","12","-01.3","01.6"
"391",1988,"04","06","12","-03.0","01.6"
"392",1988,"04","07","12","-02.6","01.6"
"393",1988,"04","08","12","00.4","01.6"
"394",1988,"04","09","12","00.8","01.6"
"395",1988,"04","10","12","-00.2","01.6"
"396",1988,"04","11","12","-03.0","01.6"
"397",1988,"04","12","12","-05.1","01.6"
"398",1988,"04","13","12","-03.8","01.6"
"399",1988,"04","14","12","-02.3","01.5"
"400",1988,"04","15","12","-00.7","01.6"
"401",1988,"04","16","12","00.1","01.6"
"402",1988,"04","17","12","00.4","01.6"
"403",1988,"04","18","12","-02.0","01.6"
"404",1988,"04","19","12","-02.6","01.6"
"405",1988,"04","20","12","-01.2","02.0"
"406",1988,"04","21","12","00.7","02.0"
"407",1988,"04","22","12","00.8","02.0"
"408",1988,"04","23","12","01.2","02.1"
"409",1988,"04","24","12","00.0","01.7"
"410",1988,"04","25","12","00.5","02.0"
"411",1988,"04","26","12","00.5","02.0"
"412",1988,"04","27","12","00.1","02.0"
"413",1988,"04","28","12","00.5","01.7"
"414",1988,"04","29","12","-00.4","02.0"
"415",1988,"04","30","12","01.0","02.0"
"416",1988,"05","01","12","00.0","02.0"
"417",1988,"05","02","12","-00.4","02.1"
"418",1988,"05","03","12","00.5","999.0"
"419",1988,"05","04","12","01.3","01.7"
"420",1988,"05","05","12","00.9","01.7"
"421",1988,"05","06","12","-00.4","01.7"
"422",1988,"05","07","12","01.7","01.7"
"423",1988,"05","08","12","02.0","01.7"
"424",1988,"05","09","12","02.4","01.9"
"425",1988,"05","10","12","02.4","01.8"
"426",1988,"05","11","12","01.7","02.3"
"427",1988,"05","12","12","01.2","02.5"
"428",1988,"05","13","12","01.7","02.8"
"429",1988,"05","14","12","01.3","02.9"
"430",1988,"05","15","12","01.1","03.1"
"431",1988,"05","16","12","01.3","02.8"
"432",1988,"05","17","12","01.3","02.8"
"433",1988,"05","18","12","01.6","03.1"
"434",1988,"05","19","12","01.3","03.1"
"435",1988,"05","20","12","00.9","02.9"
"436",1988,"05","21","12","02.3","03.1"
"437",1988,"05","22","12","02.1","02.8"
"438",1988,"05","23","12","02.8","02.8"
"439",1988,"05","24","12","03.3","02.7"
"440",1988,"05","25","12","03.2","02.8"
"441",1988,"05","26","12","03.1","02.8"
"442",1988,"05","27","12","03.0","03.2"
"443",1988,"05","28","12","03.2","03.2"
"444",1988,"05","29","12","02.6","03.2"
"445",1988,"05","30","12","02.3","03.2"
"446",1988,"05","31","12","02.8","03.2"
"447",1988,"06","01","12","02.0","03.5"
"448",1988,"06","02","12","01.5","03.5"
"449",1988,"06","03","12","03.2","03.5"
"450",1988,"06","04","12","04.3","03.5"
"451",1988,"06","05","12","03.6","03.5"
"452",1988,"06","06","12","03.9","04.0"
"453",1988,"06","07","12","04.4","04.0"
"454",1988,"06","08","12","04.4","04.0"
"455",1988,"06","09","12","04.7","04.3"
"456",1988,"06","10","12","03.9","04.3"
"457",1988,"06","11","12","04.0","04.7"
"458",1988,"06","12","12","05.1","03.9"
"459",1988,"06","13","12","04.4","03.9"
"460",1988,"06","14","12","04.4","03.9"
"461",1988,"06","15","12","04.3","03.9"
"462",1988,"06","16","12","04.7","04.0"
"463",1988,"06","17","12","03.9","04.4"
"464",1988,"06","18","12","03.5","04.7"
"465",1988,"06","19","12","02.9","04.7"
"466",1988,"06","20","12","02.0","05.2"
"467",1988,"06","21","12","04.8","06.0"
"468",1988,"06","22","12","03.5","06.0"
"469",1988,"06","23","12","04.4","05.5"
"470",1988,"06","24","12","06.0","05.5"
"471",1988,"06","25","12","05.5","05.9"
"472",1988,"06","26","12","05.9","06.0"
"473",1988,"06","27","12","05.9","05.9"
"474",1988,"06","28","12","05.8","06.3"
"475",1988,"06","29","12","06.6","06.6"
"476",1988,"06","30","12","06.7","07.0"
"477",1988,"07","01","12","07.0","06.7"
"478",1988,"07","02","12","06.5","06.6"
"479",1988,"07","03","12","06.6","06.6"
"480",1988,"07","04","12","06.7","06.7"
"481",1988,"07","05","12","06.6","07.0"
"482",1988,"07","06","12","07.0","07.1"
"483",1988,"07","07","12","07.4","07.4"
"484",1988,"07","08","12","07.0","07.5"
"485",1988,"07","09","12","07.4","07.8"
"486",1988,"07","10","12","07.4","07.9"
"487",1988,"07","11","12","08.2","08.2"
"488",1988,"07","12","12","07.5","08.2"
"489",1988,"07","13","12","07.1","07.9"
"490",1988,"07","14","12","06.3","07.9"
"491",1988,"07","15","12","05.5","08.2"
"492",1988,"07","16","12","05.7","08.3"
"493",1988,"07","17","12","07.8","08.2"
"494",1988,"07","18","12","07.9","08.1"
"495",1988,"07","19","12","08.2","08.6"
"496",1988,"07","20","12","07.9","08.3"
"497",1988,"07","21","12","07.8","08.2"
"498",1988,"07","22","12","07.5","08.6"
"499",1988,"07","23","12","08.3","08.7"
"500",1988,"07","24","12","07.5","08.7"
"501",1988,"07","25","12","07.5","08.7"
"502",1988,"07","26","12","07.4","08.6"
"503",1988,"07","27","12","08.7","09.0"
"504",1988,"07","28","12","08.6","09.1"
"505",1988,"07","29","12","08.7","09.0"
"506",1988,"07","30","12","08.3","09.0"
"507",1988,"07","31","12","09.7","09.7"
"508",1988,"08","01","12","09.6","10.0"
"509",1988,"08","02","12","09.1","09.7"
"510",1988,"08","03","12","09.3","09.0"
"511",1988,"08","04","12","08.6","09.0"
"512",1988,"08","05","12","08.7","09.0"
"513",1988,"08","06","12","09.0","09.1"
"514",1988,"08","07","12","08.3","09.4"
"515",1988,"08","08","12","09.0","09.4"
"516",1988,"08","09","12","08.7","09.0"
"517",1988,"08","10","12","08.7","09.0"
"518",1988,"08","11","12","09.1","09.1"
"519",1988,"08","12","12","09.0","09.0"
"520",1988,"08","13","12","08.0","09.0"
"521",1988,"08","14","12","08.6","09.0"
"522",1988,"08","15","12","09.4","09.1"
"523",1988,"08","16","12","08.8","09.4"
"524",1988,"08","17","12","08.7","09.0"
"525",1988,"08","18","12","09.1","09.0"
"526",1988,"08","19","12","08.7","09.1"
"527",1988,"08","20","12","09.0","09.4"
"528",1988,"08","21","12","08.7","09.1"
"529",1988,"08","22","12","09.0","09.4"
"530",1988,"08","23","12","09.4","09.4"
"531",1988,"08","24","12","09.4","09.0"
"532",1988,"08","25","12","09.0","08.7"
"533",1988,"08","26","12","08.7","09.0"
"534",1988,"08","27","12","09.0","09.4"
"535",1988,"08","28","12","08.2","09.4"
"536",1988,"08","29","12","08.2","09.4"
"537",1988,"08","30","12","07.2","09.0"
"538",1988,"08","31","12","07.1","08.6"
"539",1988,"09","01","12","06.7","08.6"
"540",1988,"09","02","12","07.5","08.3"
"541",1988,"09","03","12","07.1","08.3"
"542",1988,"09","04","12","08.3","08.3"
"543",1988,"09","05","12","07.9","08.2"
"544",1988,"09","06","12","07.9","08.2"
"545",1988,"09","07","12","08.0","08.2"
"546",1988,"09","08","12","07.9","08.3"
"547",1988,"09","09","12","07.8","08.2"
"548",1988,"09","10","12","06.7","08.2"
"549",1988,"09","11","12","08.2","08.3"
"550",1988,"09","12","12","07.9","08.3"
"551",1988,"09","13","12","08.6","08.3"
"552",1988,"09","14","12","07.9","08.2"
"553",1988,"09","15","12","08.2","08.3"
"554",1988,"09","16","12","999.0","999.0"
"555",1988,"09","17","12","07.9","08.3"
"556",1988,"09","18","12","08.2","08.3"
"557",1988,"09","19","12","08.2","08.3"
"558",1988,"09","20","12","04.9","08.2"
"559",1988,"09","21","12","06.3","08.2"
"560",1988,"09","22","12","08.3","08.2"
"561",1988,"09","23","12","07.9","07.9"
"562",1988,"09","24","12","07.5","08.2"
"563",1988,"09","25","12","06.5","08.1"
"564",1988,"09","26","12","07.0","08.2"
"565",1988,"09","27","12","06.2","08.2"
"566",1988,"09","28","12","07.1","08.2"
"567",1988,"09","29","12","07.9","08.2"
"568",1988,"09","30","12","07.4","08.2"
"569",1988,"10","01","12","07.5","08.3"
"570",1988,"10","02","12","07.4","08.2"
"571",1988,"10","03","12","05.1","08.3"
"572",1988,"10","05","12","05.9","07.8"
"573",1988,"10","06","12","05.9","07.9"
"574",1988,"10","07","12","05.2","07.8"
"575",1988,"10","08","12","07.5","07.6"
"576",1988,"10","09","12","05.1","07.8"
"577",1988,"10","10","12","05.2","07.8"
"578",1988,"10","11","12","05.1","07.5"
"579",1988,"10","12","12","05.2","07.1"
"580",1988,"10","13","12","05.0","07.1"
"581",1988,"10","14","12","05.2","07.1"
"582",1988,"10","15","12","07.1","07.0"
"583",1988,"10","16","12","07.1","07.0"
"584",1988,"10","17","12","06.6","07.1"
"585",1988,"10","18","12","06.3","06.7"
"586",1988,"10","19","12","05.5","06.4"
"587",1988,"10","20","12","05.2","06.3"
"588",1988,"10","21","12","05.6","06.3"
"589",1988,"10","22","12","05.5","06.7"
"590",1988,"10","23","12","03.1","06.6"
"591",1988,"10","24","12","03.1","06.3"
"592",1988,"10","25","12","03.9","06.3"
"593",1988,"10","26","12","03.9","05.9"
"594",1988,"10","27","12","03.1","05.6"
"595",1988,"10","28","12","04.5","05.5"
"596",1988,"10","29","12","04.3","05.2"
"597",1988,"10","30","12","02.4","05.2"
"598",1988,"10","31","12","02.0","05.1"
"599",1988,"11","01","12","02.4","05.1"
"600",1988,"11","02","12","00.7","05.1"
"601",1988,"11","03","12","00.9","04.8"
"602",1988,"11","05","12","05.1","04.8"
"603",1988,"11","06","12","02.7","04.8"
"604",1988,"11","07","12","01.4","04.7"
"605",1988,"11","08","12","-00.4","04.4"
"606",1988,"11","09","12","00.0","04.3"
"607",1988,"11","10","12","-00.3","04.4"
"608",1988,"11","11","12","02.3","04.4"
"609",1988,"11","12","12","02.4","04.3"
"610",1988,"11","13","12","03.9","04.3"
"611",1988,"11","14","12","02.1","04.7"
"612",1988,"11","15","12","00.5","04.4"
"613",1988,"11","16","12","03.9","04.4"
"614",1988,"11","17","12","03.2","04.3"
"615",1988,"11","18","12","02.8","04.7"
"616",1988,"11","19","12","01.3","04.4"
"617",1988,"11","20","12","00.0","04.7"
"618",1988,"11","21","12","00.9","04.4"
"619",1988,"11","22","12","-02.8","04.4"
"620",1988,"11","23","12","-03.1","04.3"
"621",1988,"11","24","12","-03.4","04.3"
"622",1988,"11","25","12","-03.6","04.3"
"623",1988,"11","26","12","-03.7","04.0"
"624",1988,"11","27","12","-04.1","04.3"
"625",1988,"11","28","12","-03.8","04.0"
"626",1988,"11","29","12","-02.0","03.9"
"627",1988,"11","30","12","-03.5","03.7"
"628",1988,"12","01","12","-04.5","03.6"
"629",1988,"12","02","12","-05.0","03.5"
"630",1988,"12","03","12","-05.3","03.5"
"631",1988,"12","04","12","-04.0","03.5"
"632",1988,"12","05","12","-02.1","03.2"
"633",1988,"12","06","12","-02.9","03.2"
"634",1988,"12","07","12","-01.4","03.1"
"635",1988,"12","08","12","-00.6","03.1"
"636",1988,"12","09","12","-02.3","03.1"
"637",1988,"12","10","12","-02.9","03.1"
"638",1988,"12","11","12","-03.8","02.9"
"639",1988,"12","12","12","-01.2","02.9"
"640",1988,"12","13","12","-01.4","02.8"
"641",1988,"12","14","12","-03.1","02.8"
"642",1988,"12","15","12","-04.0","02.8"
"643",1988,"12","16","12","-01.9","02.7"
"644",1988,"12","17","12","02.8","02.8"
"645",1988,"12","18","12","01.4","02.8"
"646",1988,"12","19","12","01.7","02.8"
"647",1988,"12","20","12","00.9","02.8"
"648",1988,"12","21","12","00.5","02.7"
"649",1988,"12","22","12","00.8","02.5"
"650",1988,"12","23","12","03.9","02.7"
"651",1988,"12","24","12","02.9","02.7"
"652",1988,"12","25","12","01.7","02.6"
"653",1988,"12","26","12","01.5","02.5"
"654",1988,"12","27","12","-01.1","02.7"
"655",1988,"12","28","12","00.1","02.6"
"656",1988,"12","29","12","00.4","02.4"
"657",1988,"12","30","12","01.6","02.7"
"658",1988,"12","31","12","-01.2","02.4"
